created_at,count
2022-10-11T14:45:12Z,1
2022-10-12T21:09:11Z,2
2022-10-12T21:09:52Z,3
2022-10-12T23:10:00Z,4
2022-10-12T23:11:19Z,5
2022-10-12T23:12:26Z,6
2022-10-13T13:54:46Z,7
2022-10-13T17:21:45Z,8
2022-10-18T13:46:20Z,9
2022-10-18T13:54:57Z,10
2022-10-18T14:17:17Z,11
2022-10-18T14:17:30Z,12
2022-10-18T14:19:11Z,13
2022-10-18T14:36:20Z,14
2022-10-18T14:43:20Z,15
2022-10-18T14:57:58Z,16
2022-10-18T15:07:28Z,17
2022-10-18T15:14:10Z,18
2022-10-18T15:17:48Z,19
2022-10-18T15:18:51Z,20
2022-10-18T19:51:41Z,21
2022-10-18T19:52:49Z,22
2022-10-26T01:04:54Z,23
2022-10-26T16:37:42Z,24
2022-10-26T21:58:03Z,25
2022-10-28T20:47:43Z,26
2022-10-28T21:29:03Z,27
2022-10-28T21:31:29Z,28
2022-10-28T21:33:15Z,29
2022-10-28T21:35:21Z,30
2022-10-28T21:35:32Z,31
2022-10-28T21:36:03Z,32
2022-10-28T21:42:40Z,33
2022-10-28T21:58:15Z,34
2022-10-28T22:00:49Z,35
2022-10-28T22:26:02Z,36
2022-10-28T22:26:43Z,37
2022-10-28T23:13:19Z,38
2022-10-29T00:05:25Z,39
2022-10-29T02:09:04Z,40
2022-10-29T04:02:27Z,41
2022-10-29T04:17:58Z,42
2022-10-29T04:43:31Z,43
2022-10-29T07:56:53Z,44
2022-10-29T09:04:42Z,45
2022-10-29T10:36:07Z,46
2022-10-29T11:41:51Z,47
2022-10-29T14:17:26Z,48
2022-10-29T15:24:34Z,49
2022-10-29T15:24:48Z,50
2022-10-29T15:28:44Z,51
2022-10-29T15:31:43Z,52
2022-10-29T15:32:47Z,53
2022-10-29T15:46:14Z,54
2022-10-29T16:00:03Z,55
2022-10-29T16:11:45Z,56
2022-10-29T17:09:01Z,57
2022-10-29T17:10:15Z,58
2022-10-29T17:38:29Z,59
2022-10-29T17:40:47Z,60
2022-10-29T18:11:13Z,61
2022-10-29T18:35:51Z,62
2022-10-29T19:25:20Z,63
2022-10-29T19:42:57Z,64
2022-10-29T19:49:03Z,65
2022-10-29T20:04:09Z,66
2022-10-29T20:20:56Z,67
2022-10-29T21:17:49Z,68
2022-10-30T01:50:03Z,69
2022-10-30T02:01:30Z,70
2022-10-30T05:24:15Z,71
2022-10-30T06:24:13Z,72
2022-10-30T14:04:57Z,73
2022-10-30T15:11:53Z,74
2022-10-30T15:14:40Z,75
2022-10-30T18:10:11Z,76
2022-10-30T20:47:44Z,77
2022-10-30T21:37:10Z,78
2022-10-30T22:01:05Z,79
2022-10-31T00:41:22Z,80
2022-10-31T00:49:10Z,81
2022-10-31T01:10:47Z,82
2022-10-31T05:28:15Z,83
2022-10-31T05:28:15Z,84
2022-10-31T08:35:30Z,85
2022-10-31T10:26:38Z,86
2022-10-31T14:05:57Z,87
2022-10-31T14:53:00Z,88
2022-10-31T15:18:30Z,89
2022-10-31T15:25:31Z,90
2022-10-31T15:53:43Z,91
2022-10-31T16:03:25Z,92
2022-10-31T17:03:36Z,93
2022-10-31T18:04:53Z,94
2022-10-31T18:04:55Z,95
2022-10-31T18:04:56Z,96
2022-10-31T19:16:22Z,97
2022-10-31T19:19:49Z,98
2022-10-31T19:26:14Z,99
2022-10-31T19:44:39Z,100
2022-10-31T20:54:09Z,101
2022-10-31T22:04:01Z,102
2022-11-01T06:01:58Z,103
2022-11-01T13:27:28Z,104
2022-11-01T17:06:13Z,105
2022-11-01T19:16:52Z,106
2022-11-01T21:10:58Z,107
2022-11-01T21:21:58Z,108
2022-11-02T01:15:10Z,109
2022-11-02T06:03:21Z,110
2022-11-02T14:32:25Z,111
2022-11-02T17:22:30Z,112
2022-11-02T19:06:04Z,113
2022-11-02T20:49:35Z,114
2022-11-03T15:46:15Z,115
2022-11-03T17:29:53Z,116
2022-11-03T22:45:24Z,117
2022-11-04T07:14:49Z,118
2022-11-04T17:35:38Z,119
2022-11-04T22:24:42Z,120
2022-11-05T05:39:45Z,121
2022-11-05T10:41:53Z,122
2022-11-05T19:02:41Z,123
2022-11-06T19:18:13Z,124
2022-11-07T15:24:59Z,125
2022-11-07T16:35:16Z,126
2022-11-07T17:31:18Z,127
2022-11-07T21:13:20Z,128
2022-11-07T22:31:17Z,129
2022-11-08T19:02:28Z,130
2022-11-08T19:07:25Z,131
2022-11-08T19:34:55Z,132
2022-11-08T20:31:54Z,133
2022-11-08T21:36:40Z,134
2022-11-10T15:43:17Z,135
2022-11-11T22:10:04Z,136
2022-11-14T14:53:33Z,137
2022-11-14T17:55:15Z,138
2022-11-14T18:19:39Z,139
2022-11-14T20:04:25Z,140
2022-11-14T20:06:17Z,141
2022-11-14T20:17:39Z,142
2022-11-14T23:10:54Z,143
2022-11-15T00:33:47Z,144
2022-11-15T06:09:44Z,145
2022-11-15T16:50:31Z,146
2022-11-15T17:53:50Z,147
2022-11-15T18:14:12Z,148
2022-11-15T18:23:08Z,149
2022-11-15T19:30:30Z,150
2022-11-15T19:54:37Z,151
2022-11-15T20:35:01Z,152
2022-11-15T20:43:54Z,153
2022-11-17T09:18:01Z,154
2022-11-17T14:42:21Z,155
2022-11-18T16:51:00Z,156
2022-11-18T17:49:10Z,157
2022-11-18T20:18:51Z,158
2022-11-18T23:50:12Z,159
2022-11-22T17:53:04Z,160
2022-11-24T04:56:33Z,161
2022-11-26T22:01:02Z,162
2022-11-28T22:53:29Z,163
2022-11-29T17:15:33Z,164
2022-11-29T20:32:55Z,165
2022-12-01T17:41:11Z,166
2022-12-01T22:48:32Z,167
2022-12-03T22:00:19Z,168
2022-12-05T07:38:30Z,169
2022-12-05T17:23:44Z,170
2022-12-05T22:08:46Z,171
2022-12-08T17:04:45Z,172
2022-12-08T17:50:33Z,173
2022-12-08T20:05:28Z,174
2022-12-09T15:58:19Z,175
2022-12-09T21:23:48Z,176
2022-12-10T01:08:04Z,177
2022-12-12T18:01:44Z,178
2022-12-12T20:20:31Z,179
2022-12-13T21:17:33Z,180
2022-12-13T23:25:39Z,181
2022-12-13T23:35:03Z,182
2022-12-16T00:27:47Z,183
2022-12-16T23:35:37Z,184
2022-12-17T00:47:51Z,185
2022-12-18T05:41:48Z,186
2022-12-19T23:15:04Z,187
2022-12-20T20:01:14Z,188
2022-12-22T04:58:58Z,189
2023-01-02T16:15:39Z,190
2023-01-04T22:31:42Z,191
2023-01-05T01:28:05Z,192
2023-01-08T21:18:59Z,193
2023-01-10T04:48:31Z,194
2023-01-10T19:45:20Z,195
2023-01-11T04:53:16Z,196
2023-01-11T13:11:03Z,197
2023-01-11T19:10:38Z,198
2023-01-12T18:32:20Z,199
2023-01-12T20:43:56Z,200
2023-01-16T00:29:13Z,201
2023-01-16T13:57:18Z,202
2023-01-17T18:53:24Z,203
2023-01-17T19:00:33Z,204
2023-01-17T19:14:12Z,205
2023-01-17T19:25:06Z,206
2023-01-17T19:27:13Z,207
2023-01-17T20:17:50Z,208
2023-01-17T21:19:13Z,209
2023-01-17T21:34:01Z,210
2023-01-17T22:09:21Z,211
2023-01-17T22:29:04Z,212
2023-01-18T00:51:37Z,213
2023-01-18T02:47:03Z,214
2023-01-18T05:20:39Z,215
2023-01-18T07:00:31Z,216
2023-01-18T09:13:10Z,217
2023-01-18T12:49:32Z,218
2023-01-18T13:54:06Z,219
2023-01-18T14:18:28Z,220
2023-01-18T14:38:59Z,221
2023-01-18T16:23:05Z,222
2023-01-18T17:20:58Z,223
2023-01-18T20:52:57Z,224
2023-01-19T16:02:57Z,225
2023-01-19T18:35:21Z,226
2023-01-20T16:31:33Z,227
2023-01-21T04:38:34Z,228
2023-01-22T17:48:21Z,229
2023-01-23T16:41:20Z,230
2023-01-26T21:36:51Z,231
2023-01-26T22:39:09Z,232
2023-01-30T17:17:35Z,233
2023-01-30T22:08:01Z,234
2023-02-06T16:42:54Z,235
2023-02-07T19:39:55Z,236
2023-02-07T23:10:39Z,237
2023-02-07T23:10:53Z,238
2023-02-08T00:11:50Z,239
2023-02-09T14:53:48Z,240
2023-02-14T05:29:21Z,241
2023-02-14T17:03:18Z,242
2023-02-14T19:46:20Z,243
2023-02-15T16:44:52Z,244
2023-02-22T20:57:31Z,245
2023-02-22T22:03:40Z,246
2023-02-24T22:30:01Z,247
2023-02-24T22:30:03Z,248
2023-02-27T18:20:29Z,249
2023-02-27T18:23:46Z,250
2023-02-27T20:51:26Z,251
2023-03-06T17:22:24Z,252
2023-03-07T01:05:25Z,253
2023-03-13T04:03:55Z,254
2023-03-13T17:15:44Z,255
2023-03-17T19:00:54Z,256
2023-03-17T19:01:03Z,257
2023-03-17T19:01:06Z,258
2023-03-17T19:01:14Z,259
2023-03-17T19:02:01Z,260
2023-03-17T19:02:07Z,261
2023-03-17T19:05:42Z,262
2023-03-17T19:06:16Z,263
2023-03-17T19:14:55Z,264
2023-03-17T19:38:16Z,265
2023-03-18T19:22:11Z,266
2023-03-20T15:48:47Z,267
2023-03-20T15:49:48Z,268
2023-03-20T15:50:43Z,269
2023-03-20T15:51:11Z,270
2023-03-20T15:51:51Z,271
2023-03-20T15:53:55Z,272
2023-03-20T15:55:22Z,273
2023-03-20T15:56:16Z,274
2023-03-20T16:00:24Z,275
2023-03-20T16:06:22Z,276
2023-03-20T16:15:44Z,277
2023-03-20T16:15:58Z,278
2023-03-20T16:18:03Z,279
2023-03-20T16:22:46Z,280
2023-03-20T16:28:16Z,281
2023-03-20T16:30:03Z,282
2023-03-20T16:32:15Z,283
2023-03-20T16:36:29Z,284
2023-03-20T16:41:04Z,285
2023-03-20T16:50:07Z,286
2023-03-20T16:56:21Z,287
2023-03-20T17:02:33Z,288
2023-03-20T17:31:01Z,289
2023-03-20T17:33:02Z,290
2023-03-20T17:39:32Z,291
2023-03-20T17:39:49Z,292
2023-03-20T17:40:12Z,293
2023-03-20T17:40:39Z,294
2023-03-20T17:48:15Z,295
2023-03-20T17:49:35Z,296
2023-03-20T18:17:32Z,297
2023-03-20T18:25:06Z,298
2023-03-20T19:12:10Z,299
2023-03-20T19:25:46Z,300
2023-03-20T19:35:31Z,301
2023-03-20T20:28:22Z,302
2023-03-20T21:21:34Z,303
2023-03-20T22:06:40Z,304
2023-03-20T23:55:44Z,305
2023-03-21T00:30:13Z,306
2023-03-21T03:19:19Z,307
2023-03-21T04:00:50Z,308
2023-03-21T08:02:21Z,309
2023-03-21T09:36:54Z,310
2023-03-21T11:28:23Z,311
2023-03-21T11:56:39Z,312
2023-03-21T13:59:01Z,313
2023-03-21T15:09:31Z,314
2023-03-23T11:57:06Z,315
2023-03-23T21:29:20Z,316
2023-03-23T21:59:56Z,317
2023-03-26T17:21:49Z,318
2023-03-27T17:02:46Z,319
2023-03-27T17:14:02Z,320
2023-03-28T00:19:25Z,321
2023-03-28T17:09:03Z,322
2023-03-28T17:38:41Z,323
2023-03-28T17:38:45Z,324
2023-03-28T17:39:48Z,325
2023-03-28T17:40:10Z,326
2023-03-28T17:44:21Z,327
2023-03-28T17:46:53Z,328
2023-03-29T16:41:34Z,329
2023-03-29T18:03:58Z,330
2023-03-29T18:19:46Z,331
2023-03-29T18:28:53Z,332
2023-03-29T19:02:57Z,333
2023-03-30T08:41:41Z,334
2023-03-30T11:14:35Z,335
2023-03-31T16:10:16Z,336
2023-03-31T17:35:37Z,337
2023-04-04T22:25:23Z,338
2023-04-05T23:30:47Z,339
2023-04-06T23:25:03Z,340
2023-04-06T23:25:05Z,341
2023-04-06T23:41:40Z,342
2023-04-07T03:11:23Z,343
2023-04-07T06:31:09Z,344
2023-04-07T15:33:54Z,345
2023-04-09T11:51:43Z,346
2023-04-10T17:27:15Z,347
2023-04-10T17:37:17Z,348
2023-04-11T16:52:09Z,349
2023-04-11T19:46:41Z,350
2023-04-14T13:24:07Z,351
2023-04-14T23:30:15Z,352
2023-04-16T02:21:17Z,353
2023-04-17T15:57:37Z,354
2023-04-17T16:03:56Z,355
2023-04-17T23:08:39Z,356
2023-04-18T16:09:22Z,357
2023-04-18T22:41:10Z,358
2023-04-18T22:41:14Z,359
2023-04-18T22:56:03Z,360
2023-04-18T23:16:41Z,361
2023-04-19T00:30:40Z,362
2023-04-19T01:20:08Z,363
2023-04-19T15:59:56Z,364
2023-04-19T17:03:20Z,365
2023-04-19T19:05:17Z,366
2023-04-20T16:05:19Z,367
2023-04-21T15:53:29Z,368
2023-04-21T21:26:53Z,369
2023-04-24T17:22:35Z,370
2023-04-24T18:27:46Z,371
2023-04-24T19:31:59Z,372
2023-04-25T17:37:06Z,373
2023-04-25T17:44:24Z,374
2023-04-25T17:47:53Z,375
2023-04-25T19:12:20Z,376
2023-04-26T16:11:38Z,377
2023-04-27T19:54:33Z,378
2023-04-27T20:00:36Z,379
2023-04-28T13:59:22Z,380
2023-05-02T20:23:37Z,381
2023-05-03T02:39:06Z,382
2023-05-03T18:15:37Z,383
2023-05-04T02:23:35Z,384
2023-05-04T14:20:02Z,385
2023-05-08T10:36:08Z,386
2023-05-09T17:16:54Z,387
2023-05-09T19:27:36Z,388
2023-05-09T20:39:34Z,389
2023-05-09T20:46:31Z,390
2023-05-09T21:19:30Z,391
2023-05-09T21:29:35Z,392
2023-05-09T21:44:14Z,393
2023-05-09T22:16:29Z,394
2023-05-09T23:20:46Z,395
2023-05-10T17:36:13Z,396
2023-05-14T14:58:28Z,397
2023-05-15T20:12:18Z,398
2023-05-15T20:15:14Z,399
2023-05-15T20:15:15Z,400
2023-05-15T20:15:45Z,401
2023-05-15T20:23:55Z,402
2023-05-15T21:09:25Z,403
2023-05-15T21:31:56Z,404
2023-05-16T18:34:35Z,405
2023-05-17T16:24:43Z,406
2023-05-19T22:56:38Z,407
2023-05-20T18:31:20Z,408
2023-05-21T21:38:07Z,409
2023-05-26T01:47:13Z,410
2023-06-07T19:06:30Z,411
2023-06-08T21:19:25Z,412
2023-06-08T21:19:44Z,413
2023-06-08T21:20:03Z,414
2023-06-08T21:22:03Z,415
2023-06-08T21:24:01Z,416
2023-06-09T06:21:51Z,417
2023-06-10T04:45:48Z,418
2023-06-12T20:45:26Z,419
2023-06-12T23:08:11Z,420
2023-06-16T11:43:28Z,421
2023-06-17T10:35:06Z,422
2023-06-20T08:28:19Z,423
2023-06-20T17:50:50Z,424
2023-06-20T22:57:30Z,425
2023-06-21T16:22:57Z,426
2023-06-21T20:58:13Z,427
2023-06-21T21:13:16Z,428
2023-06-22T21:18:00Z,429
2023-06-23T11:09:20Z,430
2023-06-26T06:53:03Z,431
2023-06-26T21:51:06Z,432
2023-06-28T20:30:32Z,433
2023-06-29T18:32:55Z,434
2023-06-30T15:26:21Z,435
2023-07-01T09:27:23Z,436
2023-07-01T16:33:48Z,437
